<?xml version = '1.0' encoding = 'UTF-8' ?>

<dogs>
    <dog>
        <Number>1</Number>
        <Details>
            <Breed>Golden Retreiver</Breed>
            <color>Golden</color>
            <country>United states</country>
        </Details>
        </dog>

    <dog>
      <Number>2</Number>
        <Details>
            <Breed>Dachshund </Breed>
            <color>Red
          </color>
            <country>Germany</country>
        </Details>
        </dog>

    <dog>
      <Number>3</Number>
        <Details>
            <Breed> Bulldog</Breed>
            <color>Brindle</color>
            <country>United Kingdom</country>
        </Details>
        </dog>
     <dog>
      <Number>4</Number>
        <Details>
            <Breed>Beagle</Breed>
            <color>Tri-color</color>
            <country> United Kingdom</country>
        </Details>
        </dog>
            <dog>
      <Number>5</Number>
        <Details>
            <Breed>Rottweiler </Breed>
            <color>Black and Tan</color>
            <country> Germany</country>
        </Details>
        </dog>
            <dog>
      <Number>6</Number>
        <Details>
            <Breed>Siberian Husky
        </Breed>
            <color>Black and White</color>
            <country>Russia</country>
        </Details>
        </dog>
            <dog>
      <Number>7</Number>
        <Details>
            <Breed>Shih Tzu
    </Breed>
            <color>Various</color>
            <country> Tibet</country>
        </Details>
        </dog>

            <dog>
      <Number>8</Number>
        <Details>
            <Breed>Yorkshire Terrier
      </Breed>
            <color>Blue and Tan</color>
            <country> United Kingdom</country>
        </Details>
        </dog>
            <dog>
      <Number>9</Number>
        <Details>
            <Breed>Chihuahua
    </Breed>
            <color> Various</color>
            <country>  Mexico</country>
        </Details>
        </dog>
            <dog>
      <Number>10</Number>
        <Details>
            <Breed>Pomeranian
        </Breed>
         <color>   Various </color>
         <country>Germany</country>
        </Details>
        </dog>
   
    
</dogs>