[
    {
        "Breed": "Golden Retriever",
        "Color": "Golden",
        "Country": "United States"
    },
    {
        "Breed": "Bulldog",
        "Color": "Brindle",
        "Country": "United Kingdom"
    },
    {
         "Breed": "Dachshund", 
         "Color": "Red",
          "Country": "Germany"
    },     
    {
        "Breed": "Beagle" ,
        "Color": "Tri-color" ,
        "Country": "United Kingdom"
    },
    {
         "Breed": "Rottweiler",
         "Color": "Black and Tan",
          "Country": "Germany"
    },
    {
        "Breed": "Siberian Husky",
        "Color": "Black and White",
        "Country": "Russia"
    },
    {
     "Breed": "Shih Tzu", 
     "Color": "Various",
     "Country":" Tibet"
        
    },
    {
      " Breed": "Yorkshire Terrier",
       "Color": "Blue and Tan",
       " Country": "United Kingdom"
       
    },
    {
        "Breed": "Chihuahua",
         "Color": "Various",
         "Country": "Mexico"
    
    },
    {
        "Breed": "Pomeranian",
        "Color": "Various",
        "Country": "Germany"
    }

]
